{
  "id": "1952166",
  "name": "geekTime",
  "font_family": "iconfont",
  "css_prefix_text": "icon-",
  "description": "",
  "glyphs": [
    {
      "icon_id": "2257009",
      "name": "return",
      "font_class": "return",
      "unicode": "e647",
      "unicode_decimal": 58951
    },
    {
      "icon_id": "6683974",
      "name": "book",
      "font_class": "book",
      "unicode": "e602",
      "unicode_decimal": 58882
    },
    {
      "icon_id": "7281400",
      "name": "discover",
      "font_class": "discover",
      "unicode": "e600",
      "unicode_decimal": 58880
    },
    {
      "icon_id": "7675623",
      "name": "mine_normal",
      "font_class": "mine",
      "unicode": "e603",
      "unicode_decimal": 58883
    },
    {
      "icon_id": "11264866",
      "name": "Clock",
      "font_class": "Clock",
      "unicode": "e615",
      "unicode_decimal": 58901
    },
    {
      "icon_id": "11726791",
      "name": "fire",
      "font_class": "fire",
      "unicode": "e85f",
      "unicode_decimal": 59487
    },
    {
      "icon_id": "13291378",
      "name": "hat",
      "font_class": "hat",
      "unicode": "e663",
      "unicode_decimal": 58979
    },
    {
      "icon_id": "13097296",
      "name": "next",
      "font_class": "next",
      "unicode": "e613",
      "unicode_decimal": 58899
    },
    {
      "icon_id": "1129450",
      "name": "acount",
      "font_class": "acount",
      "unicode": "e8d5",
      "unicode_decimal": 59605
    },
    {
      "icon_id": "8569248",
      "name": "bag",
      "font_class": "bag",
      "unicode": "e671",
      "unicode_decimal": 58993
    },
    {
      "icon_id": "8813860",
      "name": "lesson",
      "font_class": "lesson",
      "unicode": "e673",
      "unicode_decimal": 58995
    },
    {
      "icon_id": "13979052",
      "name": "message management",
      "font_class": "messagemanagement",
      "unicode": "e665",
      "unicode_decimal": 58981
    }
  ]
}
